Workbook

Sheet 4月
A2: 情報処理システム研究室 (コンタクトタイム報告書)
A4: 学籍番号
A5: 学生氏名
A7: 日付 (yyyy/mm/dd) | B7: 曜日 | C7: 活動時間 | E7: 実働時間(H) | F7: 備考
C8: 開始時間 | D8: 終了時間
A9: 2026/04/01 | B9: 水
A10: 2026/04/02 | B10: 木
A11: 2026/04/03 | B11: 金
A12: 2026/04/04 | B12: 土
A13: 2026/04/05 | B13: 日
A14: 2026/04/06 | B14: 月
A15: 2026/04/07 | B15: 火
A16: 2026/04/08 | B16: 水
A17: 2026/04/09 | B17: 木
A18: 2026/04/10 | B18: 金
A19: 2026/04/11 | B19: 土
A20: 2026/04/12 | B20: 日
... A38: 2026/04/30 | B38: 木
B40: 合 計 | C40: 稼働 日(日) | E40: =COUNTA(E9:E38) | F40: 承認

Sheet 5月
A2: 情報処理システム研究室 (コンタクトタイム報告書)
A4: 学籍番号
A5: 学生氏名
A7: 日付 (yyyy/mm/dd) | B7: 曜日 | C7: 活動時間 | E7: 実働時間(H) | F7: 備考
C8: 開始時間 | D8: 終了時間
A9: 2026/05/01 | B9: 金
A10: 2026/05/02 | B10: 土
A11: 2026/05/03 | B11: 日
A12: 2026/05/04 | B12: 月
A13: 2026/05/05 | B13: 火
A14: 2026/05/06 | B14: 水
A15: 2026/05/07 | B15: 木
A16: 2026/05/08 | B16: 金
A17: 2026/05/09 | B17: 土
A18: 2026/05/10 | B18: 日
A19: 2026/05/11 | B19: 月
A20: 2026/05/12 | B20: 火
... A39: 2026/05/31 | B39: 日
B41: 合 計 | C41: 稼働 日(日) | E41: =COUNTA(E9:E39) | F41: 承認

Sheet 6月
A2: 情報処理システム研究室 (コンタクトタイム報告書)
A4: 学籍番号
A5: 学生氏名
A7: 日付 (yyyy/mm/dd) | B7: 曜日 | C7: 活動時間 | E7: 実働時間(H) | F7: 備考
C8: 開始時間 | D8: 終了時間
A9: 2026/06/01 | B9: 月
A10: 2026/06/02 | B10: 火
A11: 2026/06/03 | B11: 水
A12: 2026/06/04 | B12: 木
A13: 2026/06/05 | B13: 金
A14: 2026/06/06 | B14: 土
A15: 2026/06/07 | B15: 日
A16: 2026/06/08 | B16: 月
A17: 2026/06/09 | B17: 火
A18: 2026/06/10 | B18: 水
A19: 2026/06/11 | B19: 木
A20: 2026/06/12 | B20: 金
... A38: 2026/06/30 | B38: 火
B40: 合 計 | C40: 稼働 日(日) | E40: =COUNTA(E9:E38) | F40: 承認

Sheet 7月
A2: 情報処理システム研究室 (コンタクトタイム報告書)
A4: 学籍番号
A5: 学生氏名
A7: 日付 (yyyy/mm/dd) | B7: 曜日 | C7: 活動時間 | E7: 実働時間(H) | F7: 備考
C8: 開始時間 | D8: 終了時間
A9: 2026/07/01 | B9: 水
A10: 2026/07/02 | B10: 木
A11: 2026/07/03 | B11: 金
A12: 2026/07/04 | B12: 土
A13: 2026/07/05 | B13: 日
A14: 2026/07/06 | B14: 月
A15: 2026/07/07 | B15: 火
A16: 2026/07/08 | B16: 水
A17: 2026/07/09 | B17: 木
A18: 2026/07/10 | B18: 金
A19: 2026/07/11 | B19: 土
A20: 2026/07/12 | B20: 日
... A39: 2026/07/31 | B39: 金
B41: 合 計 | C41: 稼働 日(日) | E41: =COUNTA(E9:E39) | F41: 承認

Sheet 8月
A2: 情報処理システム研究室 (コンタクトタイム報告書)
A4: 学籍番号
A5: 学生氏名
A7: 日付 (yyyy/mm/dd) | B7: 曜日 | C7: 活動時間 | E7: 実働時間(H) | F7: 備考
C8: 開始時間 | D8: 終了時間
A9: 2026/08/01 | B9: 土
A10: 2026/08/02 | B10: 日
A11: 2026/08/03 | B11: 月
A12: 2026/08/04 | B12: 火
A13: 2026/08/05 | B13: 水
A14: 2026/08/06 | B14: 木
A15: 2026/08/07 | B15: 金
A16: 2026/08/08 | B16: 土
A17: 2026/08/09 | B17: 日
A18: 2026/08/10 | B18: 月
A19: 2026/08/11 | B19: 火
A20: 2026/08/12 | B20: 水
... A39: 2026/08/31 | B39: 月
B41: 合 計 | C41: 稼働 日(日) | E41: =COUNTA(E9:E39) | F41: 承認

Sheet 9月
A2: 情報処理システム研究室 (コンタクトタイム報告書)
A4: 学籍番号
A5: 学生氏名
A7: 日付 (yyyy/mm/dd) | B7: 曜日 | C7: 活動時間 | E7: 実働時間(H) | F7: 備考
C8: 開始時間 | D8: 終了時間
A9: 2026/09/01 | B9: 火
A10: 2026/09/02 | B10: 水
A11: 2026/09/03 | B11: 木
A12: 2026/09/04 | B12: 金
A13: 2026/09/05 | B13: 土
A14: 2026/09/06 | B14: 日
A15: 2026/09/07 | B15: 月
A16: 2026/09/08 | B16: 火
A17: 2026/09/09 | B17: 水
A18: 2026/09/10 | B18: 木
A19: 2026/09/11 | B19: 金
A20: 2026/09/12 | B20: 土
... A38: 2026/09/30 | B38: 水
B40: 合 計 | C40: 稼働 日(日) | E40: =COUNTA(E9:E38) | F40: 承認

Sheet 10月
A2: 情報処理システム研究室 (コンタクトタイム報告書)
A4: 学籍番号
A5: 学生氏名
A7: 日付 (yyyy/mm/dd) | B7: 曜日 | C7: 活動時間 | E7: 実働時間(H) | F7: 備考
C8: 開始時間 | D8: 終了時間
A9: 2026/10/01 | B9: 木
A10: 2026/10/02 | B10: 金
A11: 2026/10/03 | B11: 土
A12: 2026/10/04 | B12: 日
A13: 2026/10/05 | B13: 月
A14: 2026/10/06 | B14: 火
A15: 2026/10/07 | B15: 水
A16: 2026/10/08 | B16: 木
A17: 2026/10/09 | B17: 金
A18: 2026/10/10 | B18: 土
A19: 2026/10/11 | B19: 日
A20: 2026/10/12 | B20: 月
... A39: 2026/10/31 | B39: 土
B41: 合 計 | C41: 稼働 日(日) | E41: =COUNTA(E9:E39) | F41: 承認

Sheet 11月
A2: 情報処理システム研究室 (コンタクトタイム報告書)
A4: 学籍番号
A5: 学生氏名
A7: 日付 (yyyy/mm/dd) | B7: 曜日 | C7: 活動時間 | E7: 実働時間(H) | F7: 備考
C8: 開始時間 | D8: 終了時間
A9: 2026/11/01 | B9: 日
A10: 2026/11/02 | B10: 月
A11: 2026/11/03 | B11: 火
A12: 2026/11/04 | B12: 水
A13: 2026/11/05 | B13: 木
A14: 2026/11/06 | B14: 金
A15: 2026/11/07 | B15: 土
A16: 2026/11/08 | B16: 日
A17: 2026/11/09 | B17: 月
A18: 2026/11/10 | B18: 火
A19: 2026/11/11 | B19: 水
A20: 2026/11/12 | B20: 木
... A38: 2026/11/30 | B38: 月
B40: 合 計 | C40: 稼働 日(日) | E40: =COUNTA(E9:E38) | F40: 承認

Sheet 12月
A2: 情報処理システム研究室 (コンタクトタイム報告書)
A4: 学籍番号
A5: 学生氏名
A7: 日付 (yyyy/mm/dd) | B7: 曜日 | C7: 活動時間 | E7: 実働時間(H) | F7: 備考
C8: 開始時間 | D8: 終了時間
A9: 2026/12/01 | B9: 火
A10: 2026/12/02 | B10: 水
A11: 2026/12/03 | B11: 木
A12: 2026/12/04 | B12: 金
A13: 2026/12/05 | B13: 土
A14: 2026/12/06 | B14: 日
A15: 2026/12/07 | B15: 月
A16: 2026/12/08 | B16: 火
A17: 2026/12/09 | B17: 水
A18: 2026/12/10 | B18: 木
A19: 2026/12/11 | B19: 金
A20: 2026/12/12 | B20: 土
... A39: 2026/12/31 | B39: 木
B41: 合 計 | C41: 稼働 日(日) | E41: =COUNTA(E9:E39) | F41: 承認

Sheet 1月
A2: 情報処理システム研究室 (コンタクトタイム報告書)
A4: 学籍番号
A5: 学生氏名
A7: 日付 (yyyy/mm/dd) | B7: 曜日 | C7: 活動時間 | E7: 実働時間(H) | F7: 備考
C8: 開始時間 | D8: 終了時間
A9: 2027/01/01 | B9: 金
A10: 2027/01/02 | B10: 土
A11: 2027/01/03 | B11: 日
A12: 2027/01/04 | B12: 月
A13: 2027/01/05 | B13: 火
A14: 2027/01/06 | B14: 水
A15: 2027/01/07 | B15: 木
A16: 2027/01/08 | B16: 金
A17: 2027/01/09 | B17: 土
A18: 2027/01/10 | B18: 日
A19: 2027/01/11 | B19: 月
A20: 2027/01/12 | B20: 火
... A39: 2027/01/31 | B39: 日
B41: 合 計 | C41: 稼働 日(日) | E41: =COUNTA(E9:E39) | F41: 承認

Sheet 2月
A2: 情報処理システム研究室 (コンタクトタイム報告書)
A4: 学籍番号
A5: 学生氏名
A7: 日付 (yyyy/mm/dd) | B7: 曜日 | C7: 活動時間 | E7: 実働時間(H) | F7: 備考
C8: 開始時間 | D8: 終了時間
A9: 2027/02/01 | B9: 月
A10: 2027/02/02 | B10: 火
A11: 2027/02/03 | B11: 水
A12: 2027/02/04 | B12: 木
A13: 2027/02/05 | B13: 金
A14: 2027/02/06 | B14: 土
A15: 2027/02/07 | B15: 日
A16: 2027/02/08 | B16: 月
A17: 2027/02/09 | B17: 火
A18: 2027/02/10 | B18: 水
A19: 2027/02/11 | B19: 木
A20: 2027/02/12 | B20: 金
... A36: 2027/02/28 | B36: 日
B38: 合 計 | C38: 稼働 日(日) | E38: =COUNTA(E9:E36) | F38: 承認

Sheet 合計日数
A2: 情報処理システム研究室 (コンタクトタイム報告書)
A4: 学籍番号
A5: 学生氏名
C7: 月 | D7: 稼働日数(日） | E7: 稼働時間(H)
C8: 4 | D8: =COUNTA('4月'!E9:E38) | E8: =SUM('4月'!E9:E38)
C9: 5 | D9: =COUNTA('5月'!E9:E39) | E9: =SUM('5月'!E9:E39)
C10: 6 | D10: =COUNTA('6月'!E9:E38) | E10: =SUM('6月'!E9:E38)
C11: 7 | D11: =COUNTA('7月'!E9:E39) | E11: =SUM('7月'!E9:E39)
C12: 8 | D12: =COUNTA('8月'!E9:E39) | E12: =SUM('8月'!E9:E39)
C13: 9 | D13: =COUNTA('9月'!E9:E38) | E13: =SUM('9月'!E9:E38)
C14: 10 | D14: =COUNTA('10月'!E9:E39) | E14: =SUM('10月'!E9:E39)
C15: 11 | D15: =COUNTA('11月'!E9:E38) | E15: =SUM('11月'!E9:E38)
C16: 12 | D16: =COUNTA('12月'!E9:E39) | E16: =SUM('12月'!E9:E39)
C17: 1 | D17: =COUNTA('1月'!E9:E39) | E17: =SUM('1月'!E9:E39) | F17: 承認
C18: 2 | D18: =COUNTA('2月'!E9:E36) | E18: =SUM('2月'!E9:E36)
C19: 合計 | D19: =SUM(D8:D18) | E19: =SUM(E8:E18)

Sheet 記入例
A2: 情報処理システム研究室 (コンタクトタイム報告書)
A4: 学籍番号
A5: 学生氏名
A7: 日付 (yyyy/mm/dd) | B7: 曜日 | C7: 活動時間 | E7: 実働時間(H) | F7: 備考
C8: 開始時間 | D8: 終了時間
A9: 2025/04/01 | B9: 火
A10: 2025/04/02 | B10: 水
A11: 2025/04/03 | B11: 木
A12: 2025/04/04 | B12: 金
A13: 2025/04/05 | B13: 土
A14: 2025/04/06 | B14: 日
A15: 2025/04/07 | B15: 月
A16: 2025/04/08 | B16: 火
A17: 2025/04/09 | B17: 水 | C17: 10:00 | D17: 17:00 | E17: 4 | F17: 研究室配属
A18: 2025/04/10 | B18: 木 | C18: 10:00 | D18: 17:00 | E18: 4 | F18: 環境構築
A19: 2025/04/11 | B19: 金 | C19: 10:00 | D19: 17:00 | E19: 4 | F19: 先輩の卒論読み
A20: 2025/04/12 | B20: 土
A21: 2025/04/13 | B21: 日
A22: 2025/04/14 | B22: 月 | C22: 10:00 | D22: 17:00 | E22: 4 | F22: 先輩の卒論読み
A23: 2025/04/15 | B23: 火 | C23: 10:00 | D23: 17:00 | E23: 4 | F23: 英論読み
A24: 2025/04/16 | B24: 水 | C24: 10:00 | D24: 17:00 | E24: 4 | F24: 英論読み
A25: 2025/04/17 | B25: 木 | C25: 10:00 | D25: 17:00 | E25: 4 | F25: 英論読み
A26: 2025/04/18 | B26: 金 | C26: 10:00 | D26: 17:00 | E26: 4 | F26: 英論読み
A27: 2025/04/19 | B27: 土
A28: 2025/04/20 | B28: 日
A29: 2025/04/21 | B29: 月 | C29: 10:00 | D29: 17:00 | E29: 4 | F29: 英論発表スライド作成
A30: 2025/04/22 | B30: 火 | C30: 10:00 | D30: 17:00 | E30: 4 | F30: 英論発表スライド作成
A31: 2025/04/23 | B31: 水 | C31: 10:00 | D31: 17:00 | E31: 4 | F31: 英論発表スライド作成
A32: 2025/04/24 | B32: 木 | C32: 10:00 | D32: 17:00 | E32: 4 | F32: 英論発表スライド作成
A33: 2025/04/25 | B33: 金 | C33: 10:00 | D33: 17:00 | E33: 4 | F33: 英論発表スライド作成
A34: 2025/04/26 | B34: 土
A35: 2025/04/27 | B35: 日
A36: 2025/04/28 | B36: 月 | C36: 10:00 | D36: 17:00 | E36: 4 | F36: 英論発表スライド作成
A37: 2025/04/29 | B37: 火
A38: 2025/04/30 | B38: 水 | C38: 10:00 | D38: 17:00 | E38: 4 | F38: 英論発表スライド作成
B40: 合 計 | C40: 稼働 日(日) | E40: =COUNTA(E9:E38) | F40: 承認
